115761,116510,116511,117259
119421,119422,120171
120185,120934
121807,121808,122556,122557,123305,123306,124054,124055
122408,123157,123158,123907
122416,123165
123182,123183,123184,123185,123930,123931,123932,123933,123934,123935,124678,124679,124680,124681,124682,124683,124684,125427,125428,125429,125430,125431,125432,125433,126176,126177,126178,126179,126180,126181,126182,126925,126926,126927,126928,126929,126930,127674,127675,127676,127677,127678,128422,128423,128424,128425,129171,129172,129173,129920,129921
123250,123999
124651,124652,125400,125401
124693,124694,124695,125443,125444,125445,125446,126193,126194,126195,126196,126197,126943,126944,126945,126946,126947,127693,127694,127695,127696,127697,128445,128446,128447,129196,129197,129946
125391,126139,126140,126141,126888,126889,126890,127637,127638,127639
126881,127630,127631
129228,129229,129230,129977,129978,129979,130726,130727,130728
130040,130789
130055,130803,130804
130059,130060,130808
131537,132286
135330,135331,135332,135333,135334,135335,135336,135337,136078,136079,136080,136081,136082,136083,136084,136085,136086,136087,136088,136089,136827,136828,136829,136830,136831,136832,136833,136834,136835,136836,136837,136838,136839,137576,137577,137578,137579,137580,137581,137582,137583,137584,137585,137586,137587,137588,138326,138327,138328,138329
135864,135865,136612,136613,136614,136615,137361,137362,137363
138871,138872,139620,139621,140369,140370
140365,141114
143273,143274,143275,143276,144022,144023,144024,144025,144026,144770,144771,144772,144773,144774,144775,144776,145519,145520,145521,145522,145523,145524,145525,145526,146269,146270,146271,146272,146273,146274,147020,147021,147022,147023
144326,144327,144328,144329,144330,144331,144332,145074,145075,145076,145077,145078,145079,145080,145081,145082,145823,145824,145825,145826,145827,145828,145829,145830,145831,145832,146573,146574,146575,146576,146577,146578,146579,146580,146581,147322,147323,147324,147325,147326,147327,147328,147329,147330,148073,148074,148075,148076,148077,148078,148079,148080,148824,148825,148826,148827,148828,148829,148830,148831,149574,149575,149576,149577,149578,149579,149580,149581,150325,150326,150327,150328,150329,150330,150331,151077,151078,151079,151080,151825,151826,151827,151828,151829,151830,151831,152573,152574,152575,152576,152577,152578,152579,152580,152581,152582,152583,153322,153323,153324,153325,153326,153327,153328,153329,153330,153331,153332,153333,153334,154074,154075,154076,154077,154078,154079,154080,154081,154082,154083
145035,145036,145037,145783,145784,145785,145786,146532,146533,146534,146535,147282,147283
150731,150732,150733,151475,151476,151477,151478,151479,151480,151481,151482,151483,151484,151485,151486,151487,152221,152222,152223,152224,152225,152226,152227,152228,152229,152230,152231,152232,152233,152234,152235,152236,152237,152969,152970,152971,152972,152973,152974,152975,152976,152977,152978,152979,152980,152981,152982,152983,152984,152985,152986,153717,153718,153719,153720,153721,153722,153723,153724,153725,153726,153727,153728,153729,153730,153731,153732,153733,154466,154467,154468,154469,154470,154471,154472,154473,154474,154475,154476,154477,154478,154479,154480,155217,155218,155219,155220,155221,155222,155223,155224,155225,155226,155227,155970,155971,155972
152182,152183,152931,152932,152933,152934,152935,153682,153683
152250,152251,152998,152999,153000,153001,153748,153749,153750
152945,152946,152947,152948,153693,153694,153695,153696,153697,153698,153699,153700,154444,154445
154800,154801,155548,155549,155550,156296,156297,156298,156299,157045,157046,157047
155266,155267,156015,156016,156763,156764,156765
156219,156220,156223,156224,156225,156226,156968,156969,156970,156971,156972,156973,156974,156975,156976,156977,157721,157722,157723,157724,157725,157726
156767,156768
157630,157631,158379,158380
159797,160538,160539,160544,160545,160546,160547,161287,161288,161289,161293,161294,161295,162036,162037,162038,162042,162043,162044,162785,162786,162787,162788,162790,162791,162792,162793,162795,163534,163535,163536,163537,163538,163539,163540,163541,163542,163543,163544,163545,164285,164286,164287,164288,164289,164290,164291,164292,164293,164294,165034,165035,165036,165037,165038,165039,165041,165042,165043
160432,160433,160434,160435,161180,161181,161182,161183,161184,161185,161186,161187,161188,161189,161931,161932,161933,161934,161935,161936,161937,161938,161939,161940,162682,162683,162684,162685,162686,162687,162688,163432,163433,163434,163435,163436,164180,164181,164182,164183,164184,164185,164930,164931,164932,164933,164934,165681
160597,160598,160599,161345,161346,161347,161348,161349,162095,162096,162097,162098,162845
160739,160740,160741,161487,161488,161489,161490,161491,161492,162237,162238,162239,162240,162241,162242,162986,162987,162988,162989,162990,162991
161576,161577,161578,161579,161580,161581,161582,161583,162325,162326,162327,162328,162329,162330,162331,162332,162333,162334,162335,162337,162338,162339,162340,163078,163079,163080,163081,163082,163083,163084,163085,163086,163087,163088,163089,163090,163832,163833,163835,163836,163837,163838,163839,163840,164588
163672,164420,164421,164422,165169,165170,165171,165919,165920
163683,163684,164432,164433
163717,164463,164464,164465,164466,164467,165211,165212,165213,165214,165215,165962
165061,165062,165063,165809,165810,165811,165812,165813,166558,166559,166560,166561,166562
165138,165886,165887,165888,166635,166636,167383,167384,167385,168130,168131,168132,168133,168134,168878,168879,168880,168881,168882,169626,169627,169628,169629,169630,170374,170375,170376,170377,170378,171123,171124,171125,171126,171871,171872,171873,171874,172619,172620,172621,172622,172623,173368,173369,173370,173371,174117,174118,174119,174120
165743,165744,165745,165746,165747,165748,165749,165750,165751,165752,165753,165754,165755,165756,166491,166492,166493,166494,166495,166496,166497,166498,166499,166500,166501,166502,166503,166504,166505,167242,167243,167244,167245,167246,167247,167248,167249,167250,167251,167252,167253,167254,167993,167994,167995,167996,167999,168001,168002
165955,165956,165957,165958,165959,166705,166706,166708
166683,166684,166685,166686,166687,167431,167432,167433,167434,167435,167436,168181,168182,168183,168184,168185
168968,168969,168970,168971,169713,169714,169715,169716,169717,169718,169719,169720,170461,170462,170463,170464,170465,170466,171210,171211,171212
170163,170164,170911,170912,170913,170914,170915,170916,170917,170918,170920,170925,170926,170927,171660,171661,171662,171663,171664,171665,171666,171667,171668,171669,171670,171671,171672,171673,171674,171675,171676,171677,171678,171679,172411,172412,172413,172414,172415,172416,172417,172418,172419,172420,172421,172422,172423,172424,172425,172426,172427,172428,172429,172430,172431,173162,173163,173164,173165,173166,173167,173168,173169,173170,173171,173172,173173,173174,173175,173176,173177,173178,173179,173180,173913,173914,173915,173916,173917,173918,173919,173920,173921,173922,173925,173926,173927,173928,173929,174664,174665,174666,174667,174668,174669,174670,174677
170488,170489,171236,171237,171238,171983,171984,171985,171986,171987,172731,172732,172733,172734,172735,173479,173480,173481,173482,173483,173484,174227,174228,174229,174230,174231,174232,174976,174977,174978,174979,175726,175727
171221,171222,171223,171224,171969,171970,171971,171972,171973,171974,171975,172717,172718,172719,172720,172721,172722,172723,173467,173468,173469,173470
171244,171245,171992,171993,171994,172740,172741,172742,172743,173489,173490,173491
172110,172111,172112,172113,172858,172859,172860,172861,172862,172863,172867,172868,173607,173608,173609,173610,173611,173612,173613,173614,173615,173616,173617,173618,174356,174357,174358,174359,174360,174361,174362,174363,174364,174365,174366,174367,174368,175109,175110,175111,175112,175113,175114,175115,175116
174047,174048,174049,174050,174051,174052,174797,174798,174799,174800,174801,174802,175548,175549,175550,175551
174269,174270,174271,175016,175017,175018,175019,175020,175765,175766,175767,175768,176513,176514,176515,176516
175424,176173
176326,176327,176328,177075,177076,177077,177078,177823,177824,177825,177826,178572,178573,178574
177865,177866,178613,178614,178615,178616,179361,179362,179363,179364,179365,180109,180110,180111,180112,180113,180114,180857,180858,180859,180860,180861,180862,181606,181607,181608,181609,181610,182355,182356,182357,182358,182359,183104,183105,183106,183107,183853,183854,183855,183856,184602,184603,184604,185351,185352
177883,178628,178629,178630,178631,178632,178633,178634,179375,179376,179377,179378,179379,179380,179381,179382,179383,179384,180123,180124,180125,180126,180127,180128,180129,180130,180131,180132,180872,180873,180874,180875,180876,180877,180878,180879,181622,181623,181624
178484,178485,179232,179233,179234,179235,179980,179981,179982,179983,179984,180731,180732,180733
180091,180838,180839,180840,180841,180842,181586,181587,181588,181589,181590,182336,182337,182338
181821,182570
182401,182402,182403,182404,182405,182406,182407,182408,182409,183147,183148,183149,183150,183151,183152,183153,183154,183155,183156,183157,183158,183159,183160,183895,183896,183897,183898,183899,183900,183901,183904,183905,183906,183909,184642,184643,184644,184645,184646,184647,184648,184649,184650,185390,185391,185392,185393,185394,185395,185396,185397,185398,186139,186140,186141,186142,186143,186144,186145,186146,186889,186890,186891,186892,186893,186894,186895,187638,187639,187640,187641,187642,187643,188387,188388,188390
183676,184425,184426,184427,185174
183880,183881,183882,184626,184627,184628,184629,184630,184631,184634,185376,185377,185378,185379,185383,186126,186127,186128,186129,186130,186131,186132,186874,186875,186876,186877,186878,186879,186880,186881,187623,187624,187625,187626,187627
184005,184006,184007,184008,184009,184741,184742,184743,184744,184749,184750,184751,184752,184753,184754,184755,184756,184757,184758,185489,185490,185491,185492,185493,185496,185497,185498,185499,185500,185501,185502,185503,185504,185505,185506,186237,186238,186239,186240,186241,186242,186244,186245,186246,186247,186248,186249,186250,186251,186252,186986,186987,186988,186989,186990,186991,186992,186993,186994,186995,186996,186997,186998,186999,187000,187735,187736,187737,187738,187740,187741,187742,187743,187744,187745,187746,187747,187748,188485,188489,188490,188491,188492,188493
184776,184777,184778,185524,185525,185526,185527,186273,186274,186275,187023,187024
185620,185621,185622,185623,186360,186361,186362,186363,186364,186369,186370,186371,186372,186373,187108,187109,187110,187111,187112,187113,187114,187115,187118,187119,187120,187121,187122,187857,187858,187859,187860,187861,187862,187863,187864,187865,187866,187867,187868,187869,187870,187871,188608,188609,188610,188611,188612,188613,188614,188615,188616,188617,188618,188619,188620,188621,189359,189360,189361,189362,189363,189364,189365,189366,189367,189368,189369,189370,189371,189372,190112,190113,190114,190115,190116,190117,190118,190119,190120,190121,190122,190123,190124,190866,190867,190868,190869,190870,190871,190872,190873
186020,186021,186022,186023,186024,186025,186026,186769,186770,186771,186772,186773,186774,186775,187519,187520,187521,187522,187523,188269,188270,188271
186188,186189,186935,186936,186937,186938,187683,187684,187685,187686,188431,188432,188433,188434
186923,186924,187671,187672,187673
188295,189042,189043,189044,189045,189792
189178,189179,189925,189926,189927,189928,190673,190674,190675,190676,191420,191421,191422,191423,191424,191425,192169,192170,192171,192172,192173,192174,192917,192918,192919,192920,192921,192922,193666,193667,193668,193669,193670,194415,194416,194417
190624,190625,191369,191370,191371,191372,191373,192116,192117,192118,192119,192120,192864,192865,192866,192867,193613,193614,193615,193616,194361,194362,194364,194365,195111
190646,190647,190648,190649,190650,191395,191396,191397,191398,191399,192142,192143,192144,192145,192146,192147,192891,192892,192893,192894,192895,193639,193640,193641,193642
191632,191633,191634,191635,191636,191637,191638,191639,192381,192382,192383,192384,192385,192386,192387,192388,192389,192390,193130,193131,193132,193133,193134,193135,193136,193137,193138,193139,193140,193880,193881,193882,193883,193884,193885,193886,193887,193888,193889,193890,194632,194633,194634,194635,194636,194637,194638,194639
193477,193478,193479,194226,194227,194228,194976,194977
193682,194431,194432,195180
194295,194296
195129,195130,195131,195132,195870,195873,195876,195877,195878,195879,195880,195881,195882,196617,196618,196619,196620,196621,196622,196623,196624,196625,196626,196627,196628,196629,196630,197364,197365,197366,197367,197368,197369,197370,197371,197372,197373,197374,197375,197376,197377,197378,197379,198113,198114,198115,198116,198117,198118,198119,198120,198121,198122,198123,198127,198128,198129,198130,198131,198862,198863,198864,198865,198866,198867,198868,198869,198870,198875,198876,198877,198878,198879,198880,199616,199622,199623,199624,199625,199626,199627,199628,199629,200370,200371,200372,200373,200374,200375,200376,200377,201118,201119,201120,201121,201122,201123,201124,201125,201866,201867,201868,201869,201870,201871,201872,201873,202616,202617,202618
195237,195238,195986,195987,196735,196736,196737
195717,196465,196466,196467
195922,195923,195924,195925,195926,196670,196671,196672,196673,196674,196675,196676,197418,197419,197420,197421,197422,197423,197424,198167,198168,198169,198170,198171,198172,198173,198916,198917,198918,198919,198920,198921,199665,199666,199667,199668,199669,200415,200416
195968,195969,195970,196716,196717,196718,196719,196720,197464,197465,197466,197467,197468,197469,198213,198214,198215,198216,198217,198962,198963,198964,198965,199711,199712,199713,199714
198077,198824,198825,198826,199572,199573,199574,199575,200320,200321,200322,200323,201069,201070,201071,201072,201817,201818,201819,201820,201821,202566,202567,202568,202569,203315,203316,203317,203318,204064,204065,204066,204812,204813,204814,204815,205561,205562,205563,205564,206310,206311,206312,207059,207060
198842,198843,198844,198845,199589,199590,199591,199592,199593,199594,199595,200335,200336,200337,200338,200339,200340,200341,200342,200343,200344,201083,201084,201085,201086,201087,201088,201089,201090,201091,201092,201832,201833,201834,201835,201836,201837
198934,198935,198936,199681,199682,199683,199684,199685,200430,200431,200432,200433,201179,201180,201181,201929
199527,199528,199529
199840,199841,200590,200591,200592,200593,200594,201340,201341,201342,201343,201344,201345,201346,202091,202092,202093,202094,202095,202096,202842,202843,202844,202845
199883,199884,199885,199887,199890,200631,200632,200633,200634,200635,200636,200637,200638,200639,200640,200641,201379,201380,201381,201382,201383,201384,201385,201386,201387,201388,201389,201390,201391,202129,202130,202131,202132,202133,202134,202135,202136,202137,202138,202139,202140,202141,202880,202881,202882,202883,202884,202885,202886,202887,202888,202889,202890,203632,203633,203634,203635,203636,203637,203638,203639,203640,204387,204388
200305,200306,200307,201053,201054,201055,201056,201802,201803,201804,201805,202550,202551,202552,202553,202554,203299,203300,203301,203302,204047,204048,204049,204050,204051,204795,204796,204797,204798,204799,205544,205545,205546,205547,206293,206294,206295,207042
202637,202638,202639,202640,203385,203386,203387,203388,203389,204133,204134,204135,204136,204137,204138,204881,204882,204883,204884,204885,204886,205629,205630,205631,205632,205633,205634,206377,206378,206379,206380,206381,207125,207126,207127,207128,207873,207874,207875,207876
204244,204993,204994,204995,204996,204997,204998,205740,205741,205742,205743,205744,205745,205746,205747,205748,206487,206488,206489,206490,206491,206492,206493,206494,206495,206496,206497,206498,207235,207236,207237,207238,207239,207240,207241,207242,207243,207244,207245,207246,207984,207985,207986,208732,208733,208734,209481,209482,209483,210230,210231,210232,210233,210979,210980,210981,210982,210983,211728,211729,211730,211731,211732,211733,212477,212478,212479,212480,212481,212482,213227,213228,213229,213230
206243,206244,206993
206289,207038,207039
206322,206323,206324,206325,206326,207068,207069,207070,207071,207072,207073,207074,207075,207815,207816,207817,207818,207819,207820,207821,207822,207823,207824,208563,208564,208565,208566,208567,208568,208569,208570,208571,208572,209313,209314,209315,209316,209317,209318,209319,209320,210063,210064,210065,210066,210067,210068,210069,210814,210815,210816
206440,206441,206442,206443,207188,207189,207190,207191,207192,207935,207936,207937,207938,207939,207940,207941,208683,208684,208685,208686,208687,208688,208689,208690,209432,209433,209434,209435,209436,209437,209438,210181,210182,210183,210184,210185,210186,210187,210188,210930,210931,210932,210933,210934,210935,210936,210937,211679,211680,211681,211682,211683,211684,211685,212430,212431,212432,212433,212434,213180,213181,213182,213929,213930
208509,208510
208669,208670,209417,209418,209419,210166,210167,210168,210915,210916
209329,210076,210077,210078,210079,210824,210825,210826,210827,210828,210829,210830,211573,211574,211575,211576,211577,211578,211579,212322,212323,212324,212325,212326,212327,212328,213070,213071,213072,213073,213074,213075,213076,213817,213818,213819,213820,213821,213822,214566,214567,214568
209625,209626,209627,209628,209629,209630,209631,209632,209633,209634,209635,209636,210373,210374,210375,210376,210377,210378,210379,210380,210381,210382,210383,210384,210385,210386,210387,211124,211125,211126,211127,211128,211129,211130,211131,211132,211133,211134,211135,211136,211137,211138,211877,211878,211879,211880,211881,211882,211883,211884,211885,211886,211887,212629,212630,212631,212632,212633,212634
210967,210968,211716,211717
211714,212461,212462,212463,213210,213211,213212,213957,213958,213959,213960,214704,214705,214706,214707,215453,215454
212586,212587,213332,213333,213334,213335,213336,213337,214081,214082,214083,214084,214085,214086
213339,213340,213341,213342,214088,214089,214090,214091
215391,215392,215393,215394,215395,215396,215397,216138,216139,216140,216141,216142,216143,216144,216145,216146,216147,216148,216149,216885,216886,216887,216888,216889,216890,216891,216892,216893,216894,216895,216896,216897,216898,217633,217634,217635,217636,217637,217638,217639,217640,217641,217642,217643,217644,217645,217646,218382,218383,218384,218385,218386,218387,218388,218389,218390,218391,218392,218393,218394,219132,219133,219136,219137,219138
216382,216383,216384,216385,216386,216387,216388,217132,217133,217134,217135,217136,217137,217138,217139,217883,217884,217885,217886,217887,217888,217889,217890,218634,218635,218636,218637,218638,218639,218640,219384,219385,219386,219387,219388,219389,219390,220134,220135,220136,220137,220138,220886,220887
216875,216876,217623,217624,217625,218368,218370,218371,218372,218373,219115,219116,219117,219118,219119,219863,219864,219865,219866,219867,220612,220613,220614,220615,221361,221362,221363
217518,217519,218267
217573,217574,217575,218321,218322,218323,218324,219069,219070,219071,219072,219073,219817,219818,219819,219820,219821,220566,220567,220568,220569,221315,221316,221317
217841,217842,217843,217844,217845,217846,217847,218589,218590,218591,218592,218593,218594,218595,218596,218597,219338,219339,219340,219341,219342,219343,219344,219345,220088
218445,218446,218447,219191,219192,219193,219194,219195,219196,219938,219939,219940,219941,219942,219943,220685,220686,220687,220688,220689,220690,220691,221434,221435,221436,221437,221438
218936,219684,219685,219686,220433,220434,220435
219004,219753,219754,220503,220504
220098,220099
220736,220737,221486,221487
221479,221480,222228,222229,222230,222978,222979
223433,223434,224182,224183,224184,224185,224931,224932,224933,224934,224935,224936,225681,225682,225683,225684,225685,225686,226431,226432,226433,226434,226435
223567,223568
223775,223776,223777,224524,224525,224526,224527,225273,225274,225275,225276
224162,224163,224164,224165,224166,224167,224168,224908,224909,224910,224911,224912,224913,224914,224915,224916,224917,225657,225658,225659,225660,225661,225662,225663,225664,225665,225666,226407,226408,226409,226410,226411,226412,226413,226414,226415
224323,225070,225071,225072,225073,225074,225077,225817,225818,225819,225820,225821,225822,225823,225824,225825,225826,226565,226566,226567,226568,226569,226570,226571,226572,226573,226574,226575,227313,227314,227315,227316,227317,227318,227319,227320,227321,227322,227323,228060,228061,228062,228063,228064,228065,228066,228067,228068,228069,228070,228071,228808,228809,228810,228811,228812,228813,228814,228815,228816,228817,228818,229557,229558,229559,229560,229561,229562,229563,229564,229565,229566,230308,230309,230310,230311,230312,230313,231058,231059,231060,231805,231806,231807,231808,232553,232554,232555,232556,233303
224498,224499,224500,224501,225248,225249,225250,225251,225998,225999,226000
224538,224539,225287,225288,225289,226036,226037,226038,226039,226786,226787,226788,226789
225224,225225,225226,225227,225973,225974,225975,226723,226724
225654,226402,226403,227150,227151,227152,227153,227897,227898,227899,227900,227901,227902,227903,228646,228647,228648,228649,228650,228651,228652,229396,229397,229398,229399,229400,229401,230148
225898,225899,226646,226647,226648,227394,227395,227396,227397,228142,228143,228144,228145,228146,228890,228891,228892,228893,228894,228895,228897,228898,228899,228900,229639,229640,229641,229642,229643,229644,229645,229646,229647,229648,229649,230387,230388,230389,230390,230391,230392,230393,230394,230395,230396,230397,230398,231135,231136,231137,231138,231139,231140,231141,231142,231143,231144,231145,231884,231885,231886,231887,231888,231889,231890,231891,232632,232633,232634,232635,232636,232637,232638,233380,233381,233382,233383,233384,233385,234128,234129,234130,234131,234132,234877,234878,234879
225940,225941,226685,226686,226687,226688,226689,226690,226691,226692,227435,227436,227437,227438,227439,227440,227441,228185,228186,228187,228188,228189
226072,226073,226074,226075,226076,226077,226078,226079,226819,226820,226821,226822,226823,226824,226825,226826,226827,227568,227569,227570,227571,227572,227573,227574
226618,226619,226620,226621,226623,226624,226625,226626,227365,227366,227367,227368,227369,227370,227371,227372,227373,227374,227375,228113,228114,228115,228116,228117,228118,228119,228120,228121,228122,228862,228863,228864,228865,228866,228867,228868,228869,228870,229610,229611,229612,229613,229614,229615,229616,229617,229618,229619,230361,230362,230363,230364,230365,230366,231110,231111,231112,231113,231859,231860,231861
226678,227427,227428,227429
227338,227339,228081,228082,228083,228084,228085,228086,228087,228088,228089,228828,228829,228830,228831,228832,228833,228834,228835,228836,228837,228838,229576,229577,229578,229579,229580,229581,229582,229583,229584,229585,230324,230325,230326,230327,230328,230329,230330,230331,230332,230333,231073,231074,231075,231076,231077,231078,231079,231080,231081,231822,231823,231824,231825,231826,231827,232573
227356,227357,227358,228104,228105,228106,228107,228852,228853,228854
227602,227603,227604,227605,227606,227607,227608,227609,228352,228353,228354,228355,228356,228357,228358,228359,229102,229103,229104,229105,229106,229107
228161,228162,228163,228164,228165,228908,228909,228910,228911,228912,228913,228914,228915,229657,229658,229659,229660,229661,229662,229663,229664,230405,230406,230407,230408,230409,230410,230411,230412,231154,231155,231156,231157,231158
229068,229071,229072,229813,229814,229815,229816,229817,229818,229819,229820,229821,229822,229823,229824,229826,230562,230563,230564,230565,230566,230567,230568,230569,230570,230571,230572,230573,230574,230575,230576,231312,231313,231314,231315,231316,231317,231318,231319,231320,231321,231322,231323,232067,232068,232069
229091,229092,229839,229840,229841,229842,229843,229844,229845,230588,230589,230592,230593,230594
229868,229869,230616,230617,230618,230619,230620,230621,231365,231366,231367,231368,231369,231370,231371,231378,231379,232116,232117,232118,232119,232120,232121,232122,232123,232124,232125,232126,232127,232128,232129,232130,232873,232874,232875,232876,232877,232878,232879,233626,233627,233628
230191,230192,230193,230940,230941,230942,230943,230944,230946,231689,231690,231691,231692,231693,231694,231695,231696,231697,232439,232440,232441,232442,232443,232444,232445,232446
230509,230510,230511,230512,230513,231257,231258,231259,231260,231261,231262,231263,231264,231265,232007,232008,232009,232010,232011,232012,232013,232014
230905,231654
230998,230999,231746,231747,231748,232494,232495,232496,232497,233240,233241,233242,233243,233244,233245,233988,233989,233990,234738,234739
231842,231843,232587,232588,232589,232590,232591,232592,232593,233335,233336,233337,233338,233339,233340,233341,233342,234082,234083,234084,234085,234086,234087,234088,234089,234090,234830,234831,234832,234833,234834,234835,234836,234837,235580
232510,232511,232512,233258,233259,233260,233261,233262,234008,234009,234010,234758
232835,232836,232837,232838,233578,233579,233580,233581,233582,233583,233584,233585,233586,233587,233588,233589,233590,233591,233592,233593,233594,233595,233596,234323,234324,234325,234326,234327,234328,234329,234330,234331,234332,234333,234334,234335,234336,234337,234338,234339,234340,234341,234342,234343,234344,234345,234346,234347,235072,235073,235074,235075,235076,235077,235078,235079,235080,235081,235082,235083,235084,235085,235086,235087,235088,235089,235090,235091,235092,235093,235094,235095,235096,235829,235830,235831,235832,235833,235834,235835,235836,235837,235838,235839,235840,235841,235842,235843,235844,235845,235846,236584,236585,236586,236587,236588,236589,236590,236591,236592,236593,236594,236595,236596,237333,237334,237336,237337,237338,237339,237340,237341,237342,237343,237344
233181,233182,233183,233931,233932,233933,234681,234682,234683
233296,233297,233298,233299,234045,234046,234047,234048,234794,234795,234796,234797,235543,235544,235545
235657,235658,235659,235660,236406,236407,236408,236409,236410,237155,237156,237157,237158,237905,237906
237092,237839,237840,237841,238587,238588,238589,238590,239337
237322,237323,237324,238070,238071,238072,238073,238074,238075,238820,238821,238822,238823,238824,238825
240094,240095
240645,241392,241393,241394,242140,242141,242142
240801,240802,241548,241549,241550,241551,242295,242296,242297,242298,242299,242300,242301,243043,243044,243045,243046,243047,243048,243049,243791,243792,243793,243794,243795,243796,243797,243798,244539,244540,244541,244542,244543,244544,244545,244546,245287,245288,245289,245290,245291,245292,245293,245294,246035,246036,246037,246038,246039,246040,246041,246042,246782,246783,246784,246785,246786,246787,246788,246789,246790,247530,247531,247532,247533,247534,247535,247536,247537,248279,248280,248281,248282,248283,248284,248285,249028,249029,249030,249031
240835,240836,240837,240838,241582,241583,241584,241585,241586,241587,242330,242331,242332,242333,242334,242335,243078,243079,243080,243081,243082,243827,243828,243829,243830,244575,244576,244577,244578,245323,245324,245325
241066,241067,241068,241816,241817,241818
241378,241379,242128,242877
241507,241508,241509,242257,242258
242132,242133,242881
242361,242362,243109,243110,243111,243859
242364,242365,242366,243113
242910,242911,242912,242913,243658,243659,243660,243661,243662,243663,244408,244409,244410,244411,244412,245158,245159,245160,245161
242997,242998
243307,243308,243309,243310,243311,243312,244055,244056,244057,244058,244059,244060,244061,244062,244063,244807,244808,244809,244810,244811,244812
244427,244428,245176,245177,245178,245179,245925,245926,245927,245928,246675,246676,246677,246678
245258,245259,246005,246006,246007,246008,246754
245312,245313,245314,246060,246061,246062,246063,246809,246810,246811,246812,247557,247558,247559,247560,247561,248305,248306,248307,248308,248309,248310,248311,249054,249055,249056,249057,249058,249059,249060,249061,249803,249804,249805,249806,249807,249808,249809,249810,249811,250554,250555,250558,250559,250560
245531,245532,245533,245534,246278,246279,246280,246281,246282,246283,247027,247028,247030,247031
246083,246830,246831,246832,246833,246834,247578,247579,247580,247581,247582,247583,248326,248327,248328,248329,248330,248331
246120,246869
247020,247021,247022,247023,247770,247771,247772,247773,247774,248520,248521,248522,248523,248524,248525,249272,249273,249274,250022,250023,250024,250772,250773,250774,251523
247433,247434,247435,248182,248183,248184
248165,248166,248167,248168,248913,248914,248915,248916,248917,248918,249662,249663,249664,249665,249666,249667,249668,250412,250413,250414,250415,250416,250417,251162,251163,251164,251165,251166
249219,249221,249222,249223,249224,249225,249226,249227,249965,249966,249967,249968,249969,249970,249971,249972,249973,249974,249975,249976,249977,250713,250714,250715,250716,250717,250718,250719,250720,250721,250722,250723,250724,250725,250726,251462,251463,251464,251465,251466,251467,251468,251469,251470,251471,251472,251473,251474,252212,252213,252214,252215,252216
251183,251932,251933,252681,252682,252683,253431,253432
251188,251189,251190,251937,251938,251939,251940,252687,252688,252689,253437,253438
252003,252004,252005,252753,252754,252755,252756,253503,253504,253505,253506,253507,254253,254254,254255,254256,254257,255003,255004,255005,255006,255007,255008,255754,255755,255756,255757,255758,256505,256506,256507,256508,257255,257256,257257,257258
252745,252746,252747,253494,253495,253496,253497,253498,254243,254244,254245,254246,254247,254248,254993,254994,254995,254996,254997,254998,255743,255744,255745,255746,255747,255748,256494,256495,256496,256497,256498,257245,257246,257247,257248,257996,257997
253455,253456,254205
253564,254310,254311,254312,254313,254314,254315,255060,255061,255062,255063,255064,255065,255810,255811,255812,255813,255814,255815
253592,253593,254341,254342,254343
254327,255074,255075,255076,255823,255825,255826
254983,254984,254985,255733,255734,255735,255736,256484
255885,256633,256634,256635,257383
255938,255939,256687,256688
257150,257898,257899,257900,257901,258648,258649,258650,258651
257324,257325,258074,258075,258823,258824,258825,259573,259574,260321,260322
257427,257428,258176,258177
258116,258117,258863,258864,258865,258866,258867,259611,259612,259613,259614,259615,260361,260362,260363
258705,258706,258707,258708,259453,259454,259455,259456,259457,260201,260202,260203,260204,260205,260206,260950,260951,260952,260953,260954,261700
258752,259499,259500,259501,259502,259503,260248,260249,260250,260251,260252,260253,260254,260998,260999,261000,261001,261002,261003,261004,261747,261748,261749,261750,261751,261752,261753,262499,262500,262501,262502,263250
260272,261018,261019,261020,261021,261022,261023,261769,261770,261771,261772,261773,262520,262522,262523,262524,263271,263272,263273
260290,260291,260292,260293,261038,261039,261040,261041,261042,261043,261044,261786,261787,261788,261789,261790,261791,261792,261793,262537,262538,262539,262540,262541
260905,260906,260907,260908,260909,261653,261654,261655,261656,261657,261658,261659,262402,262403,262404,262405,262406,262407,262408,263151,263152,263153,263154,263155,263156,263157,263158,263901,263902,263903,263904,263905,263906,264651,264652,264653,264654,264655,265402
261056,261057,261804,261805,261806
261114,261115,261116,261117,261118,261119,261120,261862,261863,261864,261865,261866,261867,261868,261869,261870,262611,262612,262613,262614,262615,262616,262617,262618,263360,263361,263362,263363,263364,263365,263366,263367,264113,264114,264115,264116,264862,264863,264864,264865,265612,265613
261141,261889,261890,261891,261892,262638,262639,262640,263387,263388,263389
261718,261719,261720,262466,262467,262468,262469,262470,262471,263217,263218
261924,261925,262674
262418,262419,262420,262421,263166,263167,263168,263169,263170,263171,263915,263916,263917,263918,263919,263920,264663,264664,264665,264666,264667,264668,264669,265413,265414,265415,265416,265417,265418,266164,266165
264025,264026,264775
264905,265654,266402,266403,267150,267151,267899
265435,265436,266184,266185,266186,266933,266934,266935,266936,267682,267683,267684,267685,267686,268432,268433,268434,268435,269182,269183,269184
265469,265470,265471,265472,265473,265477,266218,266219,266220,266221,266222,266223,266224,266225,266226,266227,266967,266968,266969,266970,266971,266972,266973,266974,266975,266976,266977,267718,267719,267720,267721,267722,267723,267724,267725,267726,268475
266347,267095,267096,267097,267844,267845,267846,268594,268595
266397,266398,267146,267147
267016,267017,267018,267765,267766,267767,268514,268515
268478,268479,268480,269228,269229,269978,270727
270865,271613,271614,271615,272358,272359,272360,272361,272362,272363,273106,273107,273108,273109,273110,273111,273112,273855,273856,273857,273858,273859,273860,273861,274603,274604,274605,274606,274607,274608,274609,275351,275352,275353,275354,275355,275356,275357,275358,276101,276102,276103,276104,276105,276106,276107,276850,276851,276852,276854,277600
272381,273130
273846,274595,274596,275344,275345,276093,276094,276842,276843,276844,277591,277592,278341
273882,273883,273884
275985,275986
275991,275992,276739,276740,276741
276736,276737
276846,277594,277595,277596,278345
